video_id,dataset,label,target,group_id,camera,path,split,split_strategy,frame_dir,fps,frame_count,duration_seconds,sample_fps,sampling_interval_seconds,sampled_frame_count,total_frames_read
fall_01_cam0,urfd_videos,fall,1,urfd::fall-01,cam0,data/raw/urfd_videos/fall/fall-01/cam0/fall-01-cam0.mp4,train,,data/processed/frames/train/fall/fall_01_cam0,30.0000,160,5.3333,3.00,0.3333,16,160
fall_01_cam1,urfd_videos,fall,1,urfd::fall-01,cam1,data/raw/urfd_videos/fall/fall-01/cam1/fall-01-cam1.mp4,train,,data/processed/frames/train/fall/fall_01_cam1,30.0000,160,5.3333,3.00,0.3333,16,160
fall_02_cam0,urfd_videos,fall,1,urfd::fall-02,cam0,data/raw/urfd_videos/fall/fall-02/cam0/fall-02-cam0.mp4,train,,data/processed/frames/train/fall/fall_02_cam0,30.0000,110,3.6667,3.00,0.3333,11,110
fall_02_cam1,urfd_videos,fall,1,urfd::fall-02,cam1,data/raw/urfd_videos/fall/fall-02/cam1/fall-02-cam1.mp4,train,,data/processed/frames/train/fall/fall_02_cam1,30.0000,110,3.6667,3.00,0.3333,11,110
fall_03_cam0,urfd_videos,fall,1,urfd::fall-03,cam0,data/raw/urfd_videos/fall/fall-03/cam0/fall-03-cam0.mp4,train,,data/processed/frames/train/fall/fall_03_cam0,30.0000,215,7.1667,3.00,0.3333,22,215
fall_03_cam1,urfd_videos,fall,1,urfd::fall-03,cam1,data/raw/urfd_videos/fall/fall-03/cam1/fall-03-cam1.mp4,train,,data/processed/frames/train/fall/fall_03_cam1,30.0000,215,7.1667,3.00,0.3333,22,215
fall_06_cam0,urfd_videos,fall,1,urfd::fall-06,cam0,data/raw/urfd_videos/fall/fall-06/cam0/fall-06-cam0.mp4,train,,data/processed/frames/train/fall/fall_06_cam0,30.0000,100,3.3333,3.00,0.3333,10,100
fall_06_cam1,urfd_videos,fall,1,urfd::fall-06,cam1,data/raw/urfd_videos/fall/fall-06/cam1/fall-06-cam1.mp4,train,,data/processed/frames/train/fall/fall_06_cam1,30.0000,100,3.3333,3.00,0.3333,10,100
fall_07_cam0,urfd_videos,fall,1,urfd::fall-07,cam0,data/raw/urfd_videos/fall/fall-07/cam0/fall-07-cam0.mp4,train,,data/processed/frames/train/fall/fall_07_cam0,30.0000,156,5.2000,3.00,0.3333,16,156
fall_07_cam1,urfd_videos,fall,1,urfd::fall-07,cam1,data/raw/urfd_videos/fall/fall-07/cam1/fall-07-cam1.mp4,train,,data/processed/frames/train/fall/fall_07_cam1,30.0000,156,5.2000,3.00,0.3333,16,156
fall_08_cam0,urfd_videos,fall,1,urfd::fall-08,cam0,data/raw/urfd_videos/fall/fall-08/cam0/fall-08-cam0.mp4,train,,data/processed/frames/train/fall/fall_08_cam0,30.0000,91,3.0333,3.00,0.3333,10,91
fall_08_cam1,urfd_videos,fall,1,urfd::fall-08,cam1,data/raw/urfd_videos/fall/fall-08/cam1/fall-08-cam1.mp4,train,,data/processed/frames/train/fall/fall_08_cam1,30.0000,91,3.0333,3.00,0.3333,10,91
fall_09_cam0,urfd_videos,fall,1,urfd::fall-09,cam0,data/raw/urfd_videos/fall/fall-09/cam0/fall-09-cam0.mp4,train,,data/processed/frames/train/fall/fall_09_cam0,30.0000,185,6.1667,3.00,0.3333,19,185
fall_09_cam1,urfd_videos,fall,1,urfd::fall-09,cam1,data/raw/urfd_videos/fall/fall-09/cam1/fall-09-cam1.mp4,train,,data/processed/frames/train/fall/fall_09_cam1,30.0000,185,6.1667,3.00,0.3333,19,185
fall_10_cam0,urfd_videos,fall,1,urfd::fall-10,cam0,data/raw/urfd_videos/fall/fall-10/cam0/fall-10-cam0.mp4,train,,data/processed/frames/train/fall/fall_10_cam0,30.0000,130,4.3333,3.00,0.3333,13,130
fall_10_cam1,urfd_videos,fall,1,urfd::fall-10,cam1,data/raw/urfd_videos/fall/fall-10/cam1/fall-10-cam1.mp4,train,,data/processed/frames/train/fall/fall_10_cam1,30.0000,130,4.3333,3.00,0.3333,13,130
fall_11_cam0,urfd_videos,fall,1,urfd::fall-11,cam0,data/raw/urfd_videos/fall/fall-11/cam0/fall-11-cam0.mp4,train,,data/processed/frames/train/fall/fall_11_cam0,30.0000,130,4.3333,3.00,0.3333,13,130
fall_11_cam1,urfd_videos,fall,1,urfd::fall-11,cam1,data/raw/urfd_videos/fall/fall-11/cam1/fall-11-cam1.mp4,train,,data/processed/frames/train/fall/fall_11_cam1,30.0000,130,4.3333,3.00,0.3333,13,130
fall_13_cam0,urfd_videos,fall,1,urfd::fall-13,cam0,data/raw/urfd_videos/fall/fall-13/cam0/fall-13-cam0.mp4,train,,data/processed/frames/train/fall/fall_13_cam0,30.0000,85,2.8333,3.00,0.3333,9,85
fall_13_cam1,urfd_videos,fall,1,urfd::fall-13,cam1,data/raw/urfd_videos/fall/fall-13/cam1/fall-13-cam1.mp4,train,,data/processed/frames/train/fall/fall_13_cam1,30.0000,85,2.8333,3.00,0.3333,9,85
fall_16_cam0,urfd_videos,fall,1,urfd::fall-16,cam0,data/raw/urfd_videos/fall/fall-16/cam0/fall-16-cam0.mp4,train,,data/processed/frames/train/fall/fall_16_cam0,30.0000,55,1.8333,3.00,0.3333,6,55
fall_16_cam1,urfd_videos,fall,1,urfd::fall-16,cam1,data/raw/urfd_videos/fall/fall-16/cam1/fall-16-cam1.mp4,train,,data/processed/frames/train/fall/fall_16_cam1,30.0000,55,1.8333,3.00,0.3333,6,55
fall_17_cam0,urfd_videos,fall,1,urfd::fall-17,cam0,data/raw/urfd_videos/fall/fall-17/cam0/fall-17-cam0.mp4,train,,data/processed/frames/train/fall/fall_17_cam0,30.0000,95,3.1667,3.00,0.3333,10,95
fall_17_cam1,urfd_videos,fall,1,urfd::fall-17,cam1,data/raw/urfd_videos/fall/fall-17/cam1/fall-17-cam1.mp4,train,,data/processed/frames/train/fall/fall_17_cam1,30.0000,95,3.1667,3.00,0.3333,10,95
fall_19_cam0,urfd_videos,fall,1,urfd::fall-19,cam0,data/raw/urfd_videos/fall/fall-19/cam0/fall-19-cam0.mp4,train,,data/processed/frames/train/fall/fall_19_cam0,30.0000,100,3.3333,3.00,0.3333,10,100
fall_19_cam1,urfd_videos,fall,1,urfd::fall-19,cam1,data/raw/urfd_videos/fall/fall-19/cam1/fall-19-cam1.mp4,train,,data/processed/frames/train/fall/fall_19_cam1,30.0000,100,3.3333,3.00,0.3333,10,100
fall_20_cam0,urfd_videos,fall,1,urfd::fall-20,cam0,data/raw/urfd_videos/fall/fall-20/cam0/fall-20-cam0.mp4,train,,data/processed/frames/train/fall/fall_20_cam0,30.0000,110,3.6667,3.00,0.3333,11,110
fall_20_cam1,urfd_videos,fall,1,urfd::fall-20,cam1,data/raw/urfd_videos/fall/fall-20/cam1/fall-20-cam1.mp4,train,,data/processed/frames/train/fall/fall_20_cam1,30.0000,110,3.6667,3.00,0.3333,11,110
fall_21_cam0,urfd_videos,fall,1,urfd::fall-21,cam0,data/raw/urfd_videos/fall/fall-21/cam0/fall-21-cam0.mp4,train,,data/processed/frames/train/fall/fall_21_cam0,30.0000,55,1.8333,3.00,0.3333,6,55
fall_21_cam1,urfd_videos,fall,1,urfd::fall-21,cam1,data/raw/urfd_videos/fall/fall-21/cam1/fall-21-cam1.mp4,train,,data/processed/frames/train/fall/fall_21_cam1,30.0000,55,1.8333,3.00,0.3333,6,55
fall_22_cam0,urfd_videos,fall,1,urfd::fall-22,cam0,data/raw/urfd_videos/fall/fall-22/cam0/fall-22-cam0.mp4,train,,data/processed/frames/train/fall/fall_22_cam0,30.0000,56,1.8667,3.00,0.3333,6,56
fall_22_cam1,urfd_videos,fall,1,urfd::fall-22,cam1,data/raw/urfd_videos/fall/fall-22/cam1/fall-22-cam1.mp4,train,,data/processed/frames/train/fall/fall_22_cam1,30.0000,56,1.8667,3.00,0.3333,6,56
fall_23_cam0,urfd_videos,fall,1,urfd::fall-23,cam0,data/raw/urfd_videos/fall/fall-23/cam0/fall-23-cam0.mp4,train,,data/processed/frames/train/fall/fall_23_cam0,30.0000,75,2.5000,3.00,0.3333,8,75
fall_23_cam1,urfd_videos,fall,1,urfd::fall-23,cam1,data/raw/urfd_videos/fall/fall-23/cam1/fall-23-cam1.mp4,train,,data/processed/frames/train/fall/fall_23_cam1,30.0000,75,2.5000,3.00,0.3333,8,75
fall_24_cam0,urfd_videos,fall,1,urfd::fall-24,cam0,data/raw/urfd_videos/fall/fall-24/cam0/fall-24-cam0.mp4,train,,data/processed/frames/train/fall/fall_24_cam0,30.0000,60,2.0000,3.00,0.3333,6,60
fall_24_cam1,urfd_videos,fall,1,urfd::fall-24,cam1,data/raw/urfd_videos/fall/fall-24/cam1/fall-24-cam1.mp4,train,,data/processed/frames/train/fall/fall_24_cam1,30.0000,60,2.0000,3.00,0.3333,6,60
fall_25_cam0,urfd_videos,fall,1,urfd::fall-25,cam0,data/raw/urfd_videos/fall/fall-25/cam0/fall-25-cam0.mp4,train,,data/processed/frames/train/fall/fall_25_cam0,30.0000,85,2.8333,3.00,0.3333,9,85
fall_25_cam1,urfd_videos,fall,1,urfd::fall-25,cam1,data/raw/urfd_videos/fall/fall-25/cam1/fall-25-cam1.mp4,train,,data/processed/frames/train/fall/fall_25_cam1,30.0000,85,2.8333,3.00,0.3333,9,85
fall_27_cam0,urfd_videos,fall,1,urfd::fall-27,cam0,data/raw/urfd_videos/fall/fall-27/cam0/fall-27-cam0.mp4,train,,data/processed/frames/train/fall/fall_27_cam0,30.0000,92,3.0667,3.00,0.3333,10,92
fall_27_cam1,urfd_videos,fall,1,urfd::fall-27,cam1,data/raw/urfd_videos/fall/fall-27/cam1/fall-27-cam1.mp4,train,,data/processed/frames/train/fall/fall_27_cam1,30.0000,92,3.0667,3.00,0.3333,10,92
adl_01_cam0,urfd_videos,no_fall,0,urfd::adl-01,cam0,data/raw/urfd_videos/No fall/adl-01/cam0/adl-01-cam0.mp4,train,,data/processed/frames/train/no_fall/adl_01_cam0,30.0000,150,5.0000,3.00,0.3333,15,150
adl_02_cam0,urfd_videos,no_fall,0,urfd::adl-02,cam0,data/raw/urfd_videos/No fall/adl-02/cam0/adl-02-cam0.mp4,train,,data/processed/frames/train/no_fall/adl_02_cam0,30.0000,180,6.0000,3.00,0.3333,18,180
adl_03_cam0,urfd_videos,no_fall,0,urfd::adl-03,cam0,data/raw/urfd_videos/No fall/adl-03/cam0/adl-03-cam0.mp4,train,,data/processed/frames/train/no_fall/adl_03_cam0,30.0000,180,6.0000,3.00,0.3333,18,180
adl_04_cam0,urfd_videos,no_fall,0,urfd::adl-04,cam0,data/raw/urfd_videos/No fall/adl-04/cam0/adl-04-cam0.mp4,train,,data/processed/frames/train/no_fall/adl_04_cam0,30.0000,150,5.0000,3.00,0.3333,15,150
adl_05_cam0,urfd_videos,no_fall,0,urfd::adl-05,cam0,data/raw/urfd_videos/No fall/adl-05/cam0/adl-05-cam0.mp4,train,,data/processed/frames/train/no_fall/adl_05_cam0,30.0000,180,6.0000,3.00,0.3333,18,180
adl_06_cam0,urfd_videos,no_fall,0,urfd::adl-06,cam0,data/raw/urfd_videos/No fall/adl-06/cam0/adl-06-cam0.mp4,train,,data/processed/frames/train/no_fall/adl_06_cam0,30.0000,230,7.6667,3.00,0.3333,23,230
adl_08_cam0,urfd_videos,no_fall,0,urfd::adl-08,cam0,data/raw/urfd_videos/No fall/adl-08/cam0/adl-08-cam0.mp4,train,,data/processed/frames/train/no_fall/adl_08_cam0,30.0000,180,6.0000,3.00,0.3333,18,180
adl_09_cam0,urfd_videos,no_fall,0,urfd::adl-09,cam0,data/raw/urfd_videos/No fall/adl-09/cam0/adl-09-cam0.mp4,train,,data/processed/frames/train/no_fall/adl_09_cam0,30.0000,150,5.0000,3.00,0.3333,15,150
adl_10_cam0,urfd_videos,no_fall,0,urfd::adl-10,cam0,data/raw/urfd_videos/No fall/adl-10/cam0/adl-10-cam0.mp4,train,,data/processed/frames/train/no_fall/adl_10_cam0,30.0000,300,10.0000,3.00,0.3333,30,300
adl_11_cam0,urfd_videos,no_fall,0,urfd::adl-11,cam0,data/raw/urfd_videos/No fall/adl-11/cam0/adl-11-cam0.mp4,train,,data/processed/frames/train/no_fall/adl_11_cam0,30.0000,300,10.0000,3.00,0.3333,30,300
adl_13_cam0,urfd_videos,no_fall,0,urfd::adl-13,cam0,data/raw/urfd_videos/No fall/adl-13/cam0/adl-13-cam0.mp4,train,,data/processed/frames/train/no_fall/adl_13_cam0,30.0000,265,8.8333,3.00,0.3333,27,265
adl_14_cam0,urfd_videos,no_fall,0,urfd::adl-14,cam0,data/raw/urfd_videos/No fall/adl-14/cam0/adl-14-cam0.mp4,train,,data/processed/frames/train/no_fall/adl_14_cam0,30.0000,235,7.8333,3.00,0.3333,24,235
adl_16_cam0,urfd_videos,no_fall,0,urfd::adl-16,cam0,data/raw/urfd_videos/No fall/adl-16/cam0/adl-16-cam0.mp4,train,,data/processed/frames/train/no_fall/adl_16_cam0,30.0000,240,8.0000,3.00,0.3333,24,240
adl_17_cam0,urfd_videos,no_fall,0,urfd::adl-17,cam0,data/raw/urfd_videos/No fall/adl-17/cam0/adl-17-cam0.mp4,train,,data/processed/frames/train/no_fall/adl_17_cam0,30.0000,230,7.6667,3.00,0.3333,23,230
adl_22_cam0,urfd_videos,no_fall,0,urfd::adl-22,cam0,data/raw/urfd_videos/No fall/adl-22/cam0/adl-22-cam0.mp4,train,,data/processed/frames/train/no_fall/adl_22_cam0,30.0000,240,8.0000,3.00,0.3333,24,240
adl_23_cam0,urfd_videos,no_fall,0,urfd::adl-23,cam0,data/raw/urfd_videos/No fall/adl-23/cam0/adl-23-cam0.mp4,train,,data/processed/frames/train/no_fall/adl_23_cam0,30.0000,220,7.3333,3.00,0.3333,22,220
adl_24_cam0,urfd_videos,no_fall,0,urfd::adl-24,cam0,data/raw/urfd_videos/No fall/adl-24/cam0/adl-24-cam0.mp4,train,,data/processed/frames/train/no_fall/adl_24_cam0,30.0000,70,2.3333,3.00,0.3333,7,70
adl_25_cam0,urfd_videos,no_fall,0,urfd::adl-25,cam0,data/raw/urfd_videos/No fall/adl-25/cam0/adl-25-cam0.mp4,train,,data/processed/frames/train/no_fall/adl_25_cam0,30.0000,110,3.6667,3.00,0.3333,11,110
adl_26_cam0,urfd_videos,no_fall,0,urfd::adl-26,cam0,data/raw/urfd_videos/No fall/adl-26/cam0/adl-26-cam0.mp4,train,,data/processed/frames/train/no_fall/adl_26_cam0,30.0000,95,3.1667,3.00,0.3333,10,95
adl_27_cam0,urfd_videos,no_fall,0,urfd::adl-27,cam0,data/raw/urfd_videos/No fall/adl-27/cam0/adl-27-cam0.mp4,train,,data/processed/frames/train/no_fall/adl_27_cam0,30.0000,100,3.3333,3.00,0.3333,10,100
adl_30_cam0,urfd_videos,no_fall,0,urfd::adl-30,cam0,data/raw/urfd_videos/No fall/adl-30/cam0/adl-30-cam0.mp4,train,,data/processed/frames/train/no_fall/adl_30_cam0,30.0000,400,13.3333,3.00,0.3333,40,400
adl_31_cam0,urfd_videos,no_fall,0,urfd::adl-31,cam0,data/raw/urfd_videos/No fall/adl-31/cam0/adl-31-cam0.mp4,train,,data/processed/frames/train/no_fall/adl_31_cam0,30.0000,250,8.3333,3.00,0.3333,25,250
adl_33_cam0,urfd_videos,no_fall,0,urfd::adl-33,cam0,data/raw/urfd_videos/No fall/adl-33/cam0/adl-33-cam0.mp4,train,,data/processed/frames/train/no_fall/adl_33_cam0,30.0000,200,6.6667,3.00,0.3333,20,200
adl_35_cam0,urfd_videos,no_fall,0,urfd::adl-35,cam0,data/raw/urfd_videos/No fall/adl-35/cam0/adl-35-cam0.mp4,train,,data/processed/frames/train/no_fall/adl_35_cam0,30.0000,280,9.3333,3.00,0.3333,28,280
adl_36_cam0,urfd_videos,no_fall,0,urfd::adl-36,cam0,data/raw/urfd_videos/No fall/adl-36/cam0/adl-36-cam0.mp4,train,,data/processed/frames/train/no_fall/adl_36_cam0,30.0000,340,11.3333,3.00,0.3333,34,340
adl_37_cam0,urfd_videos,no_fall,0,urfd::adl-37,cam0,data/raw/urfd_videos/No fall/adl-37/cam0/adl-37-cam0.mp4,train,,data/processed/frames/train/no_fall/adl_37_cam0,30.0000,350,11.6667,3.00,0.3333,35,350
adl_38_cam0,urfd_videos,no_fall,0,urfd::adl-38,cam0,data/raw/urfd_videos/No fall/adl-38/cam0/adl-38-cam0.mp4,train,,data/processed/frames/train/no_fall/adl_38_cam0,30.0000,345,11.5000,3.00,0.3333,35,345
adl_39_cam0,urfd_videos,no_fall,0,urfd::adl-39,cam0,data/raw/urfd_videos/No fall/adl-39/cam0/adl-39-cam0.mp4,train,,data/processed/frames/train/no_fall/adl_39_cam0,30.0000,270,9.0000,3.00,0.3333,27,270
adl_40_cam0,urfd_videos,no_fall,0,urfd::adl-40,cam0,data/raw/urfd_videos/No fall/adl-40/cam0/adl-40-cam0.mp4,train,,data/processed/frames/train/no_fall/adl_40_cam0,30.0000,330,11.0000,3.00,0.3333,33,330
voxel_01-2,voxel_huggingface_data,fall,1,voxel::01-2,unknown,data/raw/voxel_huggingface_data/Fall/01-2.mp4,train,,data/processed/frames/train/fall/voxel_01-2,29.8362,190,6.3681,3.00,0.3333,20,190
voxel_01-6,voxel_huggingface_data,fall,1,voxel::01-6,unknown,data/raw/voxel_huggingface_data/Fall/01-6.mp4,train,,data/processed/frames/train/fall/voxel_01-6,29.8443,139,4.6575,3.00,0.3333,14,139
voxel_01-8,voxel_huggingface_data,fall,1,voxel::01-8,unknown,data/raw/voxel_huggingface_data/Fall/01-8.mp4,train,,data/processed/frames/train/fall/voxel_01-8,29.5680,203,6.8655,3.00,0.3333,21,203
voxel_02-2,voxel_huggingface_data,fall,1,voxel::02-2,unknown,data/raw/voxel_huggingface_data/Fall/02-2.mp4,train,,data/processed/frames/train/fall/voxel_02-2,29.8299,252,8.4479,3.00,0.3333,26,252
voxel_02-8,voxel_huggingface_data,fall,1,voxel::02-8,unknown,data/raw/voxel_huggingface_data/Fall/02-8.mp4,train,,data/processed/frames/train/fall/voxel_02-8,29.6727,189,6.3695,3.00,0.3333,20,189
voxel_03-2,voxel_huggingface_data,fall,1,voxel::03-2,unknown,data/raw/voxel_huggingface_data/Fall/03-2.mp4,train,,data/processed/frames/train/fall/voxel_03-2,29.8229,210,7.0416,3.00,0.3333,22,210
voxel_03-4,voxel_huggingface_data,fall,1,voxel::03-4,unknown,data/raw/voxel_huggingface_data/Fall/03-4.mp4,train,,data/processed/frames/train/fall/voxel_03-4,29.8127,167,5.6016,3.00,0.3333,17,167
voxel_03-6,voxel_huggingface_data,fall,1,voxel::03-6,unknown,data/raw/voxel_huggingface_data/Fall/03-6.mp4,train,,data/processed/frames/train/fall/voxel_03-6,29.8261,200,6.7055,3.00,0.3333,21,200
voxel_03-8,voxel_huggingface_data,fall,1,voxel::03-8,unknown,data/raw/voxel_huggingface_data/Fall/03-8.mp4,train,,data/processed/frames/train/fall/voxel_03-8,29.7215,176,5.9216,3.00,0.3333,18,176
voxel_04-2,voxel_huggingface_data,fall,1,voxel::04-2,unknown,data/raw/voxel_huggingface_data/Fall/04-2.mp4,train,,data/processed/frames/train/fall/voxel_04-2,29.8737,305,10.2096,3.00,0.3333,31,305
voxel_04-4,voxel_huggingface_data,fall,1,voxel::04-4,unknown,data/raw/voxel_huggingface_data/Fall/04-4.mp4,train,,data/processed/frames/train/fall/voxel_04-4,29.8670,163,5.4575,3.00,0.3333,17,163
voxel_04-6,voxel_huggingface_data,fall,1,voxel::04-6,unknown,data/raw/voxel_huggingface_data/Fall/04-6.mp4,train,,data/processed/frames/train/fall/voxel_04-6,29.8630,141,4.7216,3.00,0.3333,15,141
voxel_04-8,voxel_huggingface_data,fall,1,voxel::04-8,unknown,data/raw/voxel_huggingface_data/Fall/04-8.mp4,train,,data/processed/frames/train/fall/voxel_04-8,29.4278,146,4.9613,3.00,0.3333,15,146
voxel_05-2,voxel_huggingface_data,fall,1,voxel::05-2,unknown,data/raw/voxel_huggingface_data/Fall/05-2.mp4,train,,data/processed/frames/train/fall/voxel_05-2,29.8136,135,4.5281,3.00,0.3333,14,135
voxel_05-4,voxel_huggingface_data,fall,1,voxel::05-4,unknown,data/raw/voxel_huggingface_data/Fall/05-4.mp4,train,,data/processed/frames/train/fall/voxel_05-4,29.8526,300,10.0494,3.00,0.3333,31,300
voxel_05-6,voxel_huggingface_data,fall,1,voxel::05-6,unknown,data/raw/voxel_huggingface_data/Fall/05-6.mp4,train,,data/processed/frames/train/fall/voxel_05-6,29.8260,221,7.4096,3.00,0.3333,23,221
voxel_05-8,voxel_huggingface_data,fall,1,voxel::05-8,unknown,data/raw/voxel_huggingface_data/Fall/05-8.mp4,train,,data/processed/frames/train/fall/voxel_05-8,29.7048,174,5.8576,3.00,0.3333,18,174
voxel_06,voxel_huggingface_data,fall,1,voxel::06,unknown,data/raw/voxel_huggingface_data/Fall/06.mp4,train,,data/processed/frames/train/fall/voxel_06,29.8642,194,6.4961,3.00,0.3333,20,194
voxel_06-3,voxel_huggingface_data,fall,1,voxel::06-3,unknown,data/raw/voxel_huggingface_data/Fall/06-3.mp4,train,,data/processed/frames/train/fall/voxel_06-3,29.8903,166,5.5536,3.00,0.3333,17,166
voxel_06-5,voxel_huggingface_data,fall,1,voxel::06-5,unknown,data/raw/voxel_huggingface_data/Fall/06-5.mp4,train,,data/processed/frames/train/fall/voxel_06-5,29.8550,183,6.1296,3.00,0.3333,19,183
voxel_06-7,voxel_huggingface_data,fall,1,voxel::06-7,unknown,data/raw/voxel_huggingface_data/Fall/06-7.mp4,train,,data/processed/frames/train/fall/voxel_06-7,29.6635,169,5.6972,3.00,0.3333,17,169
voxel_07-4,voxel_huggingface_data,fall,1,voxel::07-4,unknown,data/raw/voxel_huggingface_data/Fall/07-4.mp4,train,,data/processed/frames/train/fall/voxel_07-4,29.8048,269,9.0254,3.00,0.3333,27,269
voxel_07-6,voxel_huggingface_data,fall,1,voxel::07-6,unknown,data/raw/voxel_huggingface_data/Fall/07-6.mp4,train,,data/processed/frames/train/fall/voxel_07-6,29.8174,188,6.3050,3.00,0.3333,19,188
voxel_08-2,voxel_huggingface_data,fall,1,voxel::08-2,unknown,data/raw/voxel_huggingface_data/Fall/08-2.mp4,train,,data/processed/frames/train/fall/voxel_08-2,29.8466,181,6.0643,3.00,0.3333,19,181
voxel_08-4,voxel_huggingface_data,fall,1,voxel::08-4,unknown,data/raw/voxel_huggingface_data/Fall/08-4.mp4,train,,data/processed/frames/train/fall/voxel_08-4,29.3500,186,6.3373,3.00,0.3333,19,186
voxel_08-6,voxel_huggingface_data,fall,1,voxel::08-6,unknown,data/raw/voxel_huggingface_data/Fall/08-6.mp4,train,,data/processed/frames/train/fall/voxel_08-6,29.8840,187,6.2575,3.00,0.3333,19,187
voxel_08-8,voxel_huggingface_data,fall,1,voxel::08-8,unknown,data/raw/voxel_huggingface_data/Fall/08-8.mp4,train,,data/processed/frames/train/fall/voxel_08-8,29.6318,129,4.3534,3.00,0.3333,13,129
voxel_09-2,voxel_huggingface_data,fall,1,voxel::09-2,unknown,data/raw/voxel_huggingface_data/Fall/09-2.mp4,train,,data/processed/frames/train/fall/voxel_09-2,29.8205,167,5.6002,3.00,0.3333,17,167
voxel_09-4,voxel_huggingface_data,fall,1,voxel::09-4,unknown,data/raw/voxel_huggingface_data/Fall/09-4.mp4,train,,data/processed/frames/train/fall/voxel_09-4,29.8832,186,6.2242,3.00,0.3333,19,186
voxel_09-8,voxel_huggingface_data,fall,1,voxel::09-8,unknown,data/raw/voxel_huggingface_data/Fall/09-8.mp4,train,,data/processed/frames/train/fall/voxel_09-8,29.2311,131,4.4815,3.00,0.3333,14,131
voxel_10-2,voxel_huggingface_data,fall,1,voxel::10-2,unknown,data/raw/voxel_huggingface_data/Fall/10-2.mp4,train,,data/processed/frames/train/fall/voxel_10-2,14.9944,167,11.1375,3.00,0.3333,34,167
voxel_10-4,voxel_huggingface_data,fall,1,voxel::10-4,unknown,data/raw/voxel_huggingface_data/Fall/10-4.mp4,train,,data/processed/frames/train/fall/voxel_10-4,29.8707,131,4.3856,3.00,0.3333,14,131
voxel_10-6,voxel_huggingface_data,fall,1,voxel::10-6,unknown,data/raw/voxel_huggingface_data/Fall/10-6.mp4,train,,data/processed/frames/train/fall/voxel_10-6,29.8563,151,5.0576,3.00,0.3333,16,151
voxel_11-2,voxel_huggingface_data,fall,1,voxel::11-2,unknown,data/raw/voxel_huggingface_data/Fall/11-2.mp4,train,,data/processed/frames/train/fall/voxel_11-2,15.0094,159,10.5933,3.00,0.3333,32,159
voxel_11-6,voxel_huggingface_data,fall,1,voxel::11-6,unknown,data/raw/voxel_huggingface_data/Fall/11-6.mp4,train,,data/processed/frames/train/fall/voxel_11-6,29.8150,136,4.5615,3.00,0.3333,14,136
voxel_11-8,voxel_huggingface_data,fall,1,voxel::11-8,unknown,data/raw/voxel_huggingface_data/Fall/11-8.mp4,train,,data/processed/frames/train/fall/voxel_11-8,29.6848,181,6.0974,3.00,0.3333,19,181
voxel_12-2,voxel_huggingface_data,fall,1,voxel::12-2,unknown,data/raw/voxel_huggingface_data/Fall/12-2.mp4,train,,data/processed/frames/train/fall/voxel_12-2,15.0113,184,12.2574,3.00,0.3333,37,184
voxel_12-6,voxel_huggingface_data,fall,1,voxel::12-6,unknown,data/raw/voxel_huggingface_data/Fall/12-6.mp4,train,,data/processed/frames/train/fall/voxel_12-6,29.8357,138,4.6253,3.00,0.3333,14,138
voxel_13-2,voxel_huggingface_data,fall,1,voxel::13-2,unknown,data/raw/voxel_huggingface_data/Fall/13-2.mp4,train,,data/processed/frames/train/fall/voxel_13-2,14.9505,133,8.8960,3.00,0.3333,27,133
voxel_13-4,voxel_huggingface_data,fall,1,voxel::13-4,unknown,data/raw/voxel_huggingface_data/Fall/13-4.mp4,train,,data/processed/frames/train/fall/voxel_13-4,29.8896,121,4.0482,3.00,0.3333,13,121
voxel_13-6,voxel_huggingface_data,fall,1,voxel::13-6,unknown,data/raw/voxel_huggingface_data/Fall/13-6.mp4,train,,data/processed/frames/train/fall/voxel_13-6,29.8396,149,4.9934,3.00,0.3333,15,149
voxel_14-6,voxel_huggingface_data,fall,1,voxel::14-6,unknown,data/raw/voxel_huggingface_data/Fall/14-6.mp4,train,,data/processed/frames/train/fall/voxel_14-6,29.9072,157,5.2496,3.00,0.3333,16,157
voxel_14-8,voxel_huggingface_data,fall,1,voxel::14-8,unknown,data/raw/voxel_huggingface_data/Fall/14-8.mp4,train,,data/processed/frames/train/fall/voxel_14-8,29.6630,169,5.6973,3.00,0.3333,17,169
voxel_15-2,voxel_huggingface_data,fall,1,voxel::15-2,unknown,data/raw/voxel_huggingface_data/Fall/15-2.mp4,train,,data/processed/frames/train/fall/voxel_15-2,29.8321,348,11.6653,3.00,0.3333,35,348
voxel_15-4,voxel_huggingface_data,fall,1,voxel::15-4,unknown,data/raw/voxel_huggingface_data/Fall/15-4.mp4,train,,data/processed/frames/train/fall/voxel_15-4,15.0452,85,5.6496,3.00,0.3333,17,85
voxel_15-8,voxel_huggingface_data,fall,1,voxel::15-8,unknown,data/raw/voxel_huggingface_data/Fall/15-8.mp4,train,,data/processed/frames/train/fall/voxel_15-8,29.6589,178,6.0016,3.00,0.3333,18,178
voxel_16-4,voxel_huggingface_data,fall,1,voxel::16-4,unknown,data/raw/voxel_huggingface_data/Fall/16-4.mp4,train,,data/processed/frames/train/fall/voxel_16-4,14.9664,91,6.0803,3.00,0.3333,19,91
voxel_16-6,voxel_huggingface_data,fall,1,voxel::16-6,unknown,data/raw/voxel_huggingface_data/Fall/16-6.mp4,train,,data/processed/frames/train/fall/voxel_16-6,29.8355,212,7.1056,3.00,0.3333,22,212
voxel_18-4,voxel_huggingface_data,fall,1,voxel::18-4,unknown,data/raw/voxel_huggingface_data/Fall/18-4.mp4,train,,data/processed/frames/train/fall/voxel_18-4,14.9912,178,11.8736,3.00,0.3333,36,178
voxel_19-2,voxel_huggingface_data,fall,1,voxel::19-2,unknown,data/raw/voxel_huggingface_data/Fall/19-2.mp4,train,,data/processed/frames/train/fall/voxel_19-2,29.8300,463,15.5213,3.00,0.3333,47,463
voxel_20-2,voxel_huggingface_data,fall,1,voxel::20-2,unknown,data/raw/voxel_huggingface_data/Fall/20-2.mp4,train,,data/processed/frames/train/fall/voxel_20-2,29.8491,342,11.4576,3.00,0.3333,35,342
voxel_21-2,voxel_huggingface_data,fall,1,voxel::21-2,unknown,data/raw/voxel_huggingface_data/Fall/21-2.mp4,train,,data/processed/frames/train/fall/voxel_21-2,29.8218,283,9.4897,3.00,0.3333,29,283
voxel_24,voxel_huggingface_data,fall,1,voxel::24,unknown,data/raw/voxel_huggingface_data/Fall/24.mp4,train,,data/processed/frames/train/fall/voxel_24,29.8432,213,7.1373,3.00,0.3333,22,213
voxel_25,voxel_huggingface_data,fall,1,voxel::25,unknown,data/raw/voxel_huggingface_data/Fall/25.mp4,train,,data/processed/frames/train/fall/voxel_25,29.8716,218,7.2979,3.00,0.3333,22,218
voxel_01-3,voxel_huggingface_data,no_fall,0,voxel::01-3,unknown,data/raw/voxel_huggingface_data/No Fall/01-3.mp4,train,,data/processed/frames/train/no_fall/voxel_01-3,29.8166,261,8.7535,3.00,0.3333,27,261
voxel_01-5,voxel_huggingface_data,no_fall,0,voxel::01-5,unknown,data/raw/voxel_huggingface_data/No Fall/01-5.mp4,train,,data/processed/frames/train/no_fall/voxel_01-5,29.8353,370,12.4014,3.00,0.3333,38,370
voxel_01-7,voxel_huggingface_data,no_fall,0,voxel::01-7,unknown,data/raw/voxel_huggingface_data/No Fall/01-7.mp4,train,,data/processed/frames/train/no_fall/voxel_01-7,29.6125,245,8.2735,3.00,0.3333,25,245
voxel_02,voxel_huggingface_data,no_fall,0,voxel::02,unknown,data/raw/voxel_huggingface_data/No Fall/02.mp4,train,,data/processed/frames/train/no_fall/voxel_02,29.8472,352,11.7934,3.00,0.3333,36,352
voxel_02-3,voxel_huggingface_data,no_fall,0,voxel::02-3,unknown,data/raw/voxel_huggingface_data/No Fall/02-3.mp4,train,,data/processed/frames/train/no_fall/voxel_02-3,29.8768,273,9.1375,3.00,0.3333,28,273
voxel_02-5,voxel_huggingface_data,no_fall,0,voxel::02-5,unknown,data/raw/voxel_huggingface_data/No Fall/02-5.mp4,train,,data/processed/frames/train/no_fall/voxel_02-5,29.8254,315,10.5615,3.00,0.3333,32,315
voxel_02-7,voxel_huggingface_data,no_fall,0,voxel::02-7,unknown,data/raw/voxel_huggingface_data/No Fall/02-7.mp4,train,,data/processed/frames/train/no_fall/voxel_02-7,29.5985,198,6.6895,3.00,0.3333,20,198
voxel_03,voxel_huggingface_data,no_fall,0,voxel::03,unknown,data/raw/voxel_huggingface_data/No Fall/03.mp4,train,,data/processed/frames/train/no_fall/voxel_03,29.8224,356,11.9373,3.00,0.3333,36,356
voxel_03-7,voxel_huggingface_data,no_fall,0,voxel::03-7,unknown,data/raw/voxel_huggingface_data/No Fall/03-7.mp4,train,,data/processed/frames/train/no_fall/voxel_03-7,29.7484,199,6.6894,3.00,0.3333,20,199
voxel_04,voxel_huggingface_data,no_fall,0,voxel::04,unknown,data/raw/voxel_huggingface_data/No Fall/04.mp4,train,,data/processed/frames/train/no_fall/voxel_04,29.8411,234,7.8415,3.00,0.3333,24,234
voxel_04-5,voxel_huggingface_data,no_fall,0,voxel::04-5,unknown,data/raw/voxel_huggingface_data/No Fall/04-5.mp4,train,,data/processed/frames/train/no_fall/voxel_04-5,29.8244,388,13.0095,3.00,0.3333,39,388
voxel_04-7,voxel_huggingface_data,no_fall,0,voxel::04-7,unknown,data/raw/voxel_huggingface_data/No Fall/04-7.mp4,train,,data/processed/frames/train/no_fall/voxel_04-7,29.2634,170,5.8093,3.00,0.3333,18,170
voxel_05,voxel_huggingface_data,no_fall,0,voxel::05,unknown,data/raw/voxel_huggingface_data/No Fall/05.mp4,train,,data/processed/frames/train/no_fall/voxel_05,29.8589,323,10.8175,3.00,0.3333,33,323
voxel_05-5,voxel_huggingface_data,no_fall,0,voxel::05-5,unknown,data/raw/voxel_huggingface_data/No Fall/05-5.mp4,train,,data/processed/frames/train/no_fall/voxel_05-5,29.8845,220,7.3617,3.00,0.3333,22,220
voxel_05-7,voxel_huggingface_data,no_fall,0,voxel::05-7,unknown,data/raw/voxel_huggingface_data/No Fall/05-7.mp4,train,,data/processed/frames/train/no_fall/voxel_05-7,29.7755,314,10.5456,3.00,0.3333,32,314
voxel_06-2,voxel_huggingface_data,no_fall,0,voxel::06-2,unknown,data/raw/voxel_huggingface_data/No Fall/06-2.mp4,train,,data/processed/frames/train/no_fall/voxel_06-2,29.8477,267,8.9454,3.00,0.3333,27,267
voxel_06-4,voxel_huggingface_data,no_fall,0,voxel::06-4,unknown,data/raw/voxel_huggingface_data/No Fall/06-4.mp4,train,,data/processed/frames/train/no_fall/voxel_06-4,29.7981,196,6.5776,3.00,0.3333,20,196
voxel_07,voxel_huggingface_data,no_fall,0,voxel::07,unknown,data/raw/voxel_huggingface_data/No Fall/07.mp4,train,,data/processed/frames/train/no_fall/voxel_07,29.8613,388,12.9934,3.00,0.3333,39,388
voxel_07-7,voxel_huggingface_data,no_fall,0,voxel::07-7,unknown,data/raw/voxel_huggingface_data/No Fall/07-7.mp4,train,,data/processed/frames/train/no_fall/voxel_07-7,29.7191,224,7.5372,3.00,0.3333,23,224
voxel_08,voxel_huggingface_data,no_fall,0,voxel::08,unknown,data/raw/voxel_huggingface_data/No Fall/08.mp4,train,,data/processed/frames/train/no_fall/voxel_08,29.8560,408,13.6656,3.00,0.3333,41,408
voxel_08-5,voxel_huggingface_data,no_fall,0,voxel::08-5,unknown,data/raw/voxel_huggingface_data/No Fall/08-5.mp4,train,,data/processed/frames/train/no_fall/voxel_08-5,29.8278,368,12.3375,3.00,0.3333,37,368
voxel_08-7,voxel_huggingface_data,no_fall,0,voxel::08-7,unknown,data/raw/voxel_huggingface_data/No Fall/08-7.mp4,train,,data/processed/frames/train/no_fall/voxel_08-7,29.7324,187,6.2894,3.00,0.3333,19,187
voxel_09-5,voxel_huggingface_data,no_fall,0,voxel::09-5,unknown,data/raw/voxel_huggingface_data/No Fall/09-5.mp4,train,,data/processed/frames/train/no_fall/voxel_09-5,29.8447,362,12.1295,3.00,0.3333,37,362
voxel_10,voxel_huggingface_data,no_fall,0,voxel::10,unknown,data/raw/voxel_huggingface_data/No Fall/10.mp4,train,,data/processed/frames/train/no_fall/voxel_10,29.8624,226,7.5680,3.00,0.3333,23,226
voxel_10-3,voxel_huggingface_data,no_fall,0,voxel::10-3,unknown,data/raw/voxel_huggingface_data/No Fall/10-3.mp4,train,,data/processed/frames/train/no_fall/voxel_10-3,29.8386,371,12.4336,3.00,0.3333,38,371
voxel_10-5,voxel_huggingface_data,no_fall,0,voxel::10-5,unknown,data/raw/voxel_huggingface_data/No Fall/10-5.mp4,train,,data/processed/frames/train/no_fall/voxel_10-5,29.8410,382,12.8012,3.00,0.3333,39,382
voxel_10-7,voxel_huggingface_data,no_fall,0,voxel::10-7,unknown,data/raw/voxel_huggingface_data/No Fall/10-7.mp4,train,,data/processed/frames/train/no_fall/voxel_10-7,29.3275,115,3.9212,3.00,0.3333,12,115
voxel_11,voxel_huggingface_data,no_fall,0,voxel::11,unknown,data/raw/voxel_huggingface_data/No Fall/11.mp4,train,,data/processed/frames/train/no_fall/voxel_11,29.8439,298,9.9853,3.00,0.3333,30,298
voxel_11-5,voxel_huggingface_data,no_fall,0,voxel::11-5,unknown,data/raw/voxel_huggingface_data/No Fall/11-5.mp4,train,,data/processed/frames/train/no_fall/voxel_11-5,29.8467,320,10.7215,3.00,0.3333,33,320
voxel_12-3,voxel_huggingface_data,no_fall,0,voxel::12-3,unknown,data/raw/voxel_huggingface_data/No Fall/12-3.mp4,train,,data/processed/frames/train/no_fall/voxel_12-3,14.9906,160,10.6733,3.00,0.3333,32,160
voxel_12-5,voxel_huggingface_data,no_fall,0,voxel::12-5,unknown,data/raw/voxel_huggingface_data/No Fall/12-5.mp4,train,,data/processed/frames/train/no_fall/voxel_12-5,29.8514,257,8.6093,3.00,0.3333,26,257
voxel_12-7,voxel_huggingface_data,no_fall,0,voxel::12-7,unknown,data/raw/voxel_huggingface_data/No Fall/12-7.mp4,train,,data/processed/frames/train/no_fall/voxel_12-7,29.7427,218,7.3295,3.00,0.3333,22,218
voxel_13,voxel_huggingface_data,no_fall,0,voxel::13,unknown,data/raw/voxel_huggingface_data/No Fall/13.mp4,train,,data/processed/frames/train/no_fall/voxel_13,29.9074,145,4.8483,3.00,0.3333,15,145
voxel_13-3,voxel_huggingface_data,no_fall,0,voxel::13-3,unknown,data/raw/voxel_huggingface_data/No Fall/13-3.mp4,train,,data/processed/frames/train/no_fall/voxel_13-3,15.0437,130,8.6415,3.00,0.3333,26,130
voxel_13-5,voxel_huggingface_data,no_fall,0,voxel::13-5,unknown,data/raw/voxel_huggingface_data/No Fall/13-5.mp4,train,,data/processed/frames/train/no_fall/voxel_13-5,29.8750,164,5.4895,3.00,0.3333,17,164
voxel_13-7,voxel_huggingface_data,no_fall,0,voxel::13-7,unknown,data/raw/voxel_huggingface_data/No Fall/13-7.mp4,train,,data/processed/frames/train/no_fall/voxel_13-7,29.6562,187,6.3056,3.00,0.3333,19,187
voxel_14-2,voxel_huggingface_data,no_fall,0,voxel::14-2,unknown,data/raw/voxel_huggingface_data/No Fall/14-2.mp4,train,,data/processed/frames/train/no_fall/voxel_14-2,14.9981,168,11.2014,3.00,0.3333,34,168
voxel_14-3,voxel_huggingface_data,no_fall,0,voxel::14-3,unknown,data/raw/voxel_huggingface_data/No Fall/14-3.mp4,train,,data/processed/frames/train/no_fall/voxel_14-3,15.0017,133,8.8656,3.00,0.3333,27,133
voxel_14-4,voxel_huggingface_data,no_fall,0,voxel::14-4,unknown,data/raw/voxel_huggingface_data/No Fall/14-4.mp4,train,,data/processed/frames/train/no_fall/voxel_14-4,29.8238,367,12.3056,3.00,0.3333,37,367
voxel_14-7,voxel_huggingface_data,no_fall,0,voxel::14-7,unknown,data/raw/voxel_huggingface_data/No Fall/14-7.mp4,train,,data/processed/frames/train/no_fall/voxel_14-7,29.5339,173,5.8577,3.00,0.3333,18,173
voxel_15,voxel_huggingface_data,no_fall,0,voxel::15,unknown,data/raw/voxel_huggingface_data/No Fall/15.mp4,train,,data/processed/frames/train/no_fall/voxel_15,15.0150,179,11.9214,3.00,0.3333,36,179
voxel_15-3,voxel_huggingface_data,no_fall,0,voxel::15-3,unknown,data/raw/voxel_huggingface_data/No Fall/15-3.mp4,train,,data/processed/frames/train/no_fall/voxel_15-3,15.0028,115,7.6652,3.00,0.3333,23,115
voxel_15-5,voxel_huggingface_data,no_fall,0,voxel::15-5,unknown,data/raw/voxel_huggingface_data/No Fall/15-5.mp4,train,,data/processed/frames/train/no_fall/voxel_15-5,29.8336,159,5.3296,3.00,0.3333,16,159
voxel_16,voxel_huggingface_data,no_fall,0,voxel::16,unknown,data/raw/voxel_huggingface_data/No Fall/16.mp4,train,,data/processed/frames/train/no_fall/voxel_16,14.9946,173,11.5375,3.00,0.3333,35,173
voxel_16-3,voxel_huggingface_data,no_fall,0,voxel::16-3,unknown,data/raw/voxel_huggingface_data/No Fall/16-3.mp4,train,,data/processed/frames/train/no_fall/voxel_16-3,29.8325,306,10.2573,3.00,0.3333,31,306
voxel_16-5,voxel_huggingface_data,no_fall,0,voxel::16-5,unknown,data/raw/voxel_huggingface_data/No Fall/16-5.mp4,train,,data/processed/frames/train/no_fall/voxel_16-5,29.8421,213,7.1376,3.00,0.3333,22,213
voxel_16-7,voxel_huggingface_data,no_fall,0,voxel::16-7,unknown,data/raw/voxel_huggingface_data/No Fall/16-7.mp4,train,,data/processed/frames/train/no_fall/voxel_16-7,29.5337,104,3.5214,3.00,0.3333,11,104
voxel_17-3,voxel_huggingface_data,no_fall,0,voxel::17-3,unknown,data/raw/voxel_huggingface_data/No Fall/17-3.mp4,train,,data/processed/frames/train/no_fall/voxel_17-3,15.0048,182,12.1294,3.00,0.3333,37,182
voxel_18-2,voxel_huggingface_data,no_fall,0,voxel::18-2,unknown,data/raw/voxel_huggingface_data/No Fall/18-2.mp4,train,,data/processed/frames/train/no_fall/voxel_18-2,29.8610,345,11.5535,3.00,0.3333,35,345
voxel_18-3,voxel_huggingface_data,no_fall,0,voxel::18-3,unknown,data/raw/voxel_huggingface_data/No Fall/18-3.mp4,train,,data/processed/frames/train/no_fall/voxel_18-3,15.0160,167,11.1215,3.00,0.3333,34,167
voxel_18-5,voxel_huggingface_data,no_fall,0,voxel::18-5,unknown,data/raw/voxel_huggingface_data/No Fall/18-5.mp4,train,,data/processed/frames/train/no_fall/voxel_18-5,29.8636,421,14.0974,3.00,0.3333,43,421
voxel_19-5,voxel_huggingface_data,no_fall,0,voxel::19-5,unknown,data/raw/voxel_huggingface_data/No Fall/19-5.mp4,train,,data/processed/frames/train/no_fall/voxel_19-5,29.8829,296,9.9053,3.00,0.3333,30,296
voxel_20,voxel_huggingface_data,no_fall,0,voxel::20,unknown,data/raw/voxel_huggingface_data/No Fall/20.mp4,train,,data/processed/frames/train/no_fall/voxel_20,15.0016,175,11.6654,3.00,0.3333,35,175
voxel_20-5,voxel_huggingface_data,no_fall,0,voxel::20-5,unknown,data/raw/voxel_huggingface_data/No Fall/20-5.mp4,train,,data/processed/frames/train/no_fall/voxel_20-5,29.8492,523,17.5214,3.00,0.3333,53,523
voxel_21,voxel_huggingface_data,no_fall,0,voxel::21,unknown,data/raw/voxel_huggingface_data/No Fall/21.mp4,train,,data/processed/frames/train/no_fall/voxel_21,15.0057,158,10.5293,3.00,0.3333,32,158
voxel_21-3,voxel_huggingface_data,no_fall,0,voxel::21-3,unknown,data/raw/voxel_huggingface_data/No Fall/21-3.mp4,train,,data/processed/frames/train/no_fall/voxel_21-3,29.8283,305,10.2252,3.00,0.3333,31,305
voxel_22-3,voxel_huggingface_data,no_fall,0,voxel::22-3,unknown,data/raw/voxel_huggingface_data/No Fall/22-3.mp4,train,,data/processed/frames/train/no_fall/voxel_22-3,29.8221,283,9.4896,3.00,0.3333,29,283
